model,algorithm,batch_size,input_size,mean,std,min,max,median,power_mean_w,power_std_w,power_min_w,power_max_w,energy_total_j,energy_per_inference_j,power_samples
vgg16,winograd nonfused,1,224,54.544639587402344,0.664703369140625,53.87993621826172,55.20934295654297,54.544639587402344,90.99485714285713,1.588818647258889,89.99,93.507,9.949165951345115,4.974582975672558,7
